title_en,title_ar,category,file_url,file_name,description_en,description_ar,thumbnail_url
712S,,datasheets,https://nlc.com.sa/datasheets/712s.pdf,712s.pdf,,,
NLC-PRODUCT-CATALOG,,catalogs,https://nlc.com.sa/datasheets/NLC-Product-Catalog.pdf,NLC-Product-Catalog.pdf,,,
ACQUEX,,datasheets,https://nlc.com.sa/datasheets/acquex.pdf,acquex.pdf,,,
AGILE,,datasheets,https://nlc.com.sa/datasheets/agile.pdf,agile.pdf,,,
ALIEN,,datasheets,https://nlc.com.sa/datasheets/alien.pdf,alien.pdf,,,
ALLIGATOR,,datasheets,https://nlc.com.sa/datasheets/alligator.pdf,alligator.pdf,,,
ALPHA,,datasheets,https://nlc.com.sa/datasheets/alpha.pdf,alpha.pdf,,,
ANKA,,datasheets,https://nlc.com.sa/datasheets/anka.pdf,anka.pdf,,,
AR-05,,datasheets,https://nlc.com.sa/datasheets/ar-05.pdf,ar-05.pdf,,,
ARC,,datasheets,https://nlc.com.sa/datasheets/arc.pdf,arc.pdf,,,
ATHENE,,datasheets,https://nlc.com.sa/datasheets/athene.pdf,athene.pdf,,,
BEAM,,datasheets,https://nlc.com.sa/datasheets/beam.pdf,beam.pdf,,,
BLADE,,datasheets,https://nlc.com.sa/datasheets/blade.pdf,blade.pdf,,,
BOULEVARD,,datasheets,https://nlc.com.sa/datasheets/boulevard.pdf,boulevard.pdf,,,
BOX,,datasheets,https://nlc.com.sa/datasheets/box.pdf,box.pdf,,,
BRASS,,datasheets,https://nlc.com.sa/datasheets/brass.pdf,brass.pdf,,,
BRICK,,datasheets,https://nlc.com.sa/datasheets/brick.pdf,brick.pdf,,,
BUBBLE,,datasheets,https://nlc.com.sa/datasheets/bubble.pdf,bubble.pdf,,,
BUCKET,,datasheets,https://nlc.com.sa/datasheets/bucket.pdf,bucket.pdf,,,
CANNON,,datasheets,https://nlc.com.sa/datasheets/cannon.pdf,cannon.pdf,,,
CAP,,datasheets,https://nlc.com.sa/datasheets/cap.pdf,cap.pdf,,,
CASTEL-1,,datasheets,https://nlc.com.sa/datasheets/castel-1.pdf,castel-1.pdf,,,
CASTEL-2,,datasheets,https://nlc.com.sa/datasheets/castel-2.pdf,castel-2.pdf,,,
CENTURY,,datasheets,https://nlc.com.sa/datasheets/century.pdf,century.pdf,,,
CHAMELEON,,datasheets,https://nlc.com.sa/datasheets/chameleon.pdf,chameleon.pdf,,,
CHESS,,datasheets,https://nlc.com.sa/datasheets/chess.pdf,chess.pdf,,,
CLIMAX,,datasheets,https://nlc.com.sa/datasheets/climax.pdf,climax.pdf,,,
COASTER,,datasheets,https://nlc.com.sa/datasheets/coaster.pdf,coaster.pdf,,,
COBRA,,datasheets,https://nlc.com.sa/datasheets/cobra.pdf,cobra.pdf,,,
COMET,,datasheets,https://nlc.com.sa/datasheets/comet.pdf,comet.pdf,,,
CONTOUR-L,,datasheets,https://nlc.com.sa/datasheets/contour-l.pdf,contour-l.pdf,,,
CONTOUR-S,,datasheets,https://nlc.com.sa/datasheets/contour-s.pdf,contour-s.pdf,,,
CONTRAST,,datasheets,https://nlc.com.sa/datasheets/contrast.pdf,contrast.pdf,,,
CUBE,,datasheets,https://nlc.com.sa/datasheets/cube.pdf,cube.pdf,,,
CYLINDER,,datasheets,https://nlc.com.sa/datasheets/cylinder.pdf,cylinder.pdf,,,
DAWN,,datasheets,https://nlc.com.sa/datasheets/dawn.pdf,dawn.pdf,,,
DENVER,,datasheets,https://nlc.com.sa/datasheets/denver.pdf,denver.pdf,,,
DIAMOND-PRO,,datasheets,https://nlc.com.sa/datasheets/diamond-pro.pdf,diamond-pro.pdf,,,
DIAMOND,,datasheets,https://nlc.com.sa/datasheets/diamond.pdf,diamond.pdf,,,
DL-01,,datasheets,https://nlc.com.sa/datasheets/dl-01.pdf,dl-01.pdf,,,
DL-03,,datasheets,https://nlc.com.sa/datasheets/dl-03.pdf,dl-03.pdf,,,
DL-07,,datasheets,https://nlc.com.sa/datasheets/dl-07.pdf,dl-07.pdf,,,
DOLPHINE,,datasheets,https://nlc.com.sa/datasheets/dolphine.pdf,dolphine.pdf,,,
DOME,,datasheets,https://nlc.com.sa/datasheets/dome.pdf,dome.pdf,,,
DOVE,,datasheets,https://nlc.com.sa/datasheets/dove.pdf,dove.pdf,,,
DRAWER,,datasheets,https://nlc.com.sa/datasheets/drawer.pdf,drawer.pdf,,,
EAGLE,,datasheets,https://nlc.com.sa/datasheets/eagle.pdf,eagle.pdf,,,
EDGE,,datasheets,https://nlc.com.sa/datasheets/edge.pdf,edge.pdf,,,
EM-02,,datasheets,https://nlc.com.sa/datasheets/em-02.pdf,em-02.pdf,,,
FABRIC,,datasheets,https://nlc.com.sa/datasheets/fabric.pdf,fabric.pdf,,,
FABULOUS-ASM,,datasheets,https://nlc.com.sa/datasheets/fabulous-asm.pdf,fabulous-asm.pdf,,,
FABULOUS-SM,,datasheets,https://nlc.com.sa/datasheets/fabulous-sm.pdf,fabulous-sm.pdf,,,
FALCON,,datasheets,https://nlc.com.sa/datasheets/falcon.pdf,falcon.pdf,,,
FENCE,,datasheets,https://nlc.com.sa/datasheets/fence.pdf,fence.pdf,,,
FLARE,,datasheets,https://nlc.com.sa/datasheets/flare.pdf,flare.pdf,,,
FOLD,,datasheets,https://nlc.com.sa/datasheets/fold.pdf,fold.pdf,,,
FRAME,,datasheets,https://nlc.com.sa/datasheets/frame.pdf,frame.pdf,,,
GLOSS,,datasheets,https://nlc.com.sa/datasheets/gloss.pdf,gloss.pdf,,,
GR-939,,datasheets,https://nlc.com.sa/datasheets/gr-939.pdf,gr-939.pdf,,,
GRANDEUR,,datasheets,https://nlc.com.sa/datasheets/grandeur.pdf,grandeur.pdf,,,
GRASS,,datasheets,https://nlc.com.sa/datasheets/grass.pdf,grass.pdf,,,
GRAVITY,,datasheets,https://nlc.com.sa/datasheets/gravity.pdf,gravity.pdf,,,
HANDY-ECO,,datasheets,https://nlc.com.sa/datasheets/handy-eco.pdf,handy-eco.pdf,,,
HANDY,,datasheets,https://nlc.com.sa/datasheets/handy.pdf,handy.pdf,,,
HARMONY,,datasheets,https://nlc.com.sa/datasheets/harmony.pdf,harmony.pdf,,,
HERO-ASM,,datasheets,https://nlc.com.sa/datasheets/hero-asm.pdf,hero-asm.pdf,,,
HERO-SM,,datasheets,https://nlc.com.sa/datasheets/hero-sm.pdf,hero-sm.pdf,,,
HIGH-BEAM,,datasheets,https://nlc.com.sa/datasheets/high-beam.pdf,high-beam.pdf,,,
ICON,,datasheets,https://nlc.com.sa/datasheets/icon.pdf,icon.pdf,,,
INFINITY,,datasheets,https://nlc.com.sa/datasheets/infinity.pdf,infinity.pdf,,,
IRIS,,datasheets,https://nlc.com.sa/datasheets/iris.pdf,iris.pdf,,,
JAR,,datasheets,https://nlc.com.sa/datasheets/jar.pdf,jar.pdf,,,
JISSY,,datasheets,https://nlc.com.sa/datasheets/jissy.pdf,jissy.pdf,,,
L62,,datasheets,https://nlc.com.sa/datasheets/l62.pdf,l62.pdf,,,
L63,,datasheets,https://nlc.com.sa/datasheets/l63.pdf,l63.pdf,,,
L900,,datasheets,https://nlc.com.sa/datasheets/l900.pdf,l900.pdf,,,
LABAZ,,datasheets,https://nlc.com.sa/datasheets/labaz.pdf,labaz.pdf,,,
LADDAR,,datasheets,https://nlc.com.sa/datasheets/laddar.pdf,laddar.pdf,,,
LAMIDA,,datasheets,https://nlc.com.sa/datasheets/lamida.pdf,lamida.pdf,,,
LAVA,,datasheets,https://nlc.com.sa/datasheets/lava.pdf,lava.pdf,,,
LISA,,datasheets,https://nlc.com.sa/datasheets/lisa.pdf,lisa.pdf,,,
LUNA,,datasheets,https://nlc.com.sa/datasheets/luna.pdf,luna.pdf,,,
LUXO,,datasheets,https://nlc.com.sa/datasheets/luxo.pdf,luxo.pdf,,,
LX470,,datasheets,https://nlc.com.sa/datasheets/lx470.pdf,lx470.pdf,,,
MAGIC-R,,datasheets,https://nlc.com.sa/datasheets/magic-r.pdf,magic-r.pdf,,,
MAGIC-S,,datasheets,https://nlc.com.sa/datasheets/magic-s.pdf,magic-s.pdf,,,
MAGIC-T,,datasheets,https://nlc.com.sa/datasheets/magic-t.pdf,magic-t.pdf,,,
MAJOR,,datasheets,https://nlc.com.sa/datasheets/major.pdf,major.pdf,,,
MALLIA-2,,datasheets,https://nlc.com.sa/datasheets/mallia-2.pdf,mallia-2.pdf,,,
MALLIA,,datasheets,https://nlc.com.sa/datasheets/mallia.pdf,mallia.pdf,,,
MANTRA-L,,datasheets,https://nlc.com.sa/datasheets/mantra-l.pdf,mantra-l.pdf,,,
MANTRA,,datasheets,https://nlc.com.sa/datasheets/mantra.pdf,mantra.pdf,,,
MARCO-SYSTEM,,datasheets,https://nlc.com.sa/datasheets/marco-system.pdf,marco-system.pdf,,,
MINI-S,,datasheets,https://nlc.com.sa/datasheets/mini-s.pdf,mini-s.pdf,,,
MINI,,datasheets,https://nlc.com.sa/datasheets/mini.pdf,mini.pdf,,,
NUT,,datasheets,https://nlc.com.sa/datasheets/nut.pdf,nut.pdf,,,
OCEAN,,datasheets,https://nlc.com.sa/datasheets/ocean.pdf,ocean.pdf,,,
OMEGA,,datasheets,https://nlc.com.sa/datasheets/omega.pdf,omega.pdf,,,
OPERA,,datasheets,https://nlc.com.sa/datasheets/opera.pdf,opera.pdf,,,
ORBIT,,datasheets,https://nlc.com.sa/datasheets/orbit.pdf,orbit.pdf,,,
ORCHID,,datasheets,https://nlc.com.sa/datasheets/orchid.pdf,orchid.pdf,,,
OT-05,,datasheets,https://nlc.com.sa/datasheets/ot-05.pdf,ot-05.pdf,,,
OT-09,,datasheets,https://nlc.com.sa/datasheets/ot-09.pdf,ot-09.pdf,,,
OT-10,,datasheets,https://nlc.com.sa/datasheets/ot-10.pdf,ot-10.pdf,,,
PADDLE,,datasheets,https://nlc.com.sa/datasheets/paddle.pdf,paddle.pdf,,,
PHOTON,,datasheets,https://nlc.com.sa/datasheets/photon.pdf,photon.pdf,,,
PIANO,,datasheets,https://nlc.com.sa/datasheets/piano.pdf,piano.pdf,,,
PILLAR,,datasheets,https://nlc.com.sa/datasheets/pillar.pdf,pillar.pdf,,,
PIXEL,,datasheets,https://nlc.com.sa/datasheets/pixel.pdf,pixel.pdf,,,
PL-01,,datasheets,https://nlc.com.sa/datasheets/pl-01.pdf,pl-01.pdf,,,
PL-02,,datasheets,https://nlc.com.sa/datasheets/pl-02.pdf,pl-02.pdf,,,
PL-03,,datasheets,https://nlc.com.sa/datasheets/pl-03.pdf,pl-03.pdf,,,
PLAZMA,,datasheets,https://nlc.com.sa/datasheets/plazma.pdf,plazma.pdf,,,
PROJECTO,,datasheets,https://nlc.com.sa/datasheets/projecto.pdf,projecto.pdf,,,
QUAD,,datasheets,https://nlc.com.sa/datasheets/quad.pdf,quad.pdf,,,
RIBBON,,datasheets,https://nlc.com.sa/datasheets/ribbon.pdf,ribbon.pdf,,,
SCORPION,,datasheets,https://nlc.com.sa/datasheets/scorpion.pdf,scorpion.pdf,,,
SCOUT,,datasheets,https://nlc.com.sa/datasheets/scout.pdf,scout.pdf,,,
SHELL,,datasheets,https://nlc.com.sa/datasheets/shell.pdf,shell.pdf,,,
SLEEK,,datasheets,https://nlc.com.sa/datasheets/sleek.pdf,sleek.pdf,,,
SM-01,,datasheets,https://nlc.com.sa/datasheets/sm-01.pdf,sm-01.pdf,,,
SM-05,,datasheets,https://nlc.com.sa/datasheets/sm-05.pdf,sm-05.pdf,,,
SM-07,,datasheets,https://nlc.com.sa/datasheets/sm-07.pdf,sm-07.pdf,,,
SOLID,,datasheets,https://nlc.com.sa/datasheets/solid.pdf,solid.pdf,,,
SPARKLE,,datasheets,https://nlc.com.sa/datasheets/sparkle.pdf,sparkle.pdf,,,
SPECTRA-SLIM,,datasheets,https://nlc.com.sa/datasheets/spectra-slim.pdf,spectra-slim.pdf,,,
SPECTRA,,datasheets,https://nlc.com.sa/datasheets/spectra.pdf,spectra.pdf,,,
SPIDER,,datasheets,https://nlc.com.sa/datasheets/spider.pdf,spider.pdf,,,
SPIKE,,datasheets,https://nlc.com.sa/datasheets/spike.pdf,spike.pdf,,,
SPINE,,datasheets,https://nlc.com.sa/datasheets/spine.pdf,spine.pdf,,,
SPLASHY,,datasheets,https://nlc.com.sa/datasheets/splashy.pdf,splashy.pdf,,,
STARY,,datasheets,https://nlc.com.sa/datasheets/stary.pdf,stary.pdf,,,
STONY,,datasheets,https://nlc.com.sa/datasheets/stony.pdf,stony.pdf,,,
STREAM,,datasheets,https://nlc.com.sa/datasheets/stream.pdf,stream.pdf,,,
TERRALIGHT,,datasheets,https://nlc.com.sa/datasheets/terralight.pdf,terralight.pdf,,,
TILE,,datasheets,https://nlc.com.sa/datasheets/tile.pdf,tile.pdf,,,
TORRIS,,datasheets,https://nlc.com.sa/datasheets/torris.pdf,torris.pdf,,,
TWILIGHT,,datasheets,https://nlc.com.sa/datasheets/twilight.pdf,twilight.pdf,,,
VALLEY,,datasheets,https://nlc.com.sa/datasheets/valley.pdf,valley.pdf,,,
VEIL,,datasheets,https://nlc.com.sa/datasheets/veil.pdf,veil.pdf,,,
WP-02,,datasheets,https://nlc.com.sa/datasheets/wp-02.pdf,wp-02.pdf,,,
